0,1,33,3,181,5450,0,0,0,0,0,1,0,0,0,0,0,0,0,0,0,0,8,8,0.00,0.00,0.00,0.00,1.00,0.00,0.00,9,9,1.00,0.00,0.11,0.00,0.00,0.00,0.00,0.00,0
0,1,33,3,239,486,0,0,0,0,0,1,0,0,0,0,0,0,0,0,0,0,8,8,0.00,0.00,0.00,0.00,1.00,0.00,0.00,19,19,1.00,0.00,0.05,0.00,0.00,0.00,0.00,0.00,0
0,1,33,3,235,1337,0,0,0,0,0,1,0,0,0,0,0,0,0,0,0,0,8,8,0.00,0.00,0.00,0.00,1.00,0.00,0.00,29,29,1.00,0.00,0.03,0.00,0.00,0.00,0.00,0.00,0
0,1,33,3,219,1337,0,0,0,0,0,1,0,0,0,0,0,0,0,0,0,0,6,6,0.00,0.00,0.00,0.00,1.00,0.00,0.00,39,39,1.00,0.00,0.03,0.00,0.00,0.00,0.00,0.00,0
0,1,33,3,217,2032,0,0,0,0,0,1,0,0,0,0,0,0,0,0,0,0,6,6,0.00,0.00,0.00,0.00,1.00,0.00,0.00,49,49,1.00,0.00,0.02,0.00,0.00,0.00,0.00,0.00,0
0,1,33,3,217,2032,0,0,0,0,0,1,0,0,0,0,0,0,0,0,0,0,6,6,0.00,0.00,0.00,0.00,1.00,0.00,0.00,59,59,1.00,0.00,0.02,0.00,0.00,0.00,0.00,0.00,0
0,1,33,3,212,1940,0,0,0,0,0,1,0,0,0,0,0,0,0,0,0,0,1,2,0.00,0.00,0.00,0.00,1.00,0.00,1.00,1,69,1.00,0.00,1.00,0.04,0.00,0.00,0.00,0.00,0
0,1,33,3,159,4087,0,0,0,0,0,1,0,0,0,0,0,0,0,0,0,0,5,5,0.00,0.00,0.00,0.00,1.00,0.00,0.00,11,79,1.00,0.00,0.09,0.04,0.00,0.00,0.00,0.00,0
0,1,33,3,210,151,0,0,0,0,0,1,0,0,0,0,0,0,0,0,0,0,8,8,0.00,0.00,0.00,0.00,1.00,0.00,0.00,8,89,1.00,0.00,0.12,0.04,0.00,0.00,0.00,0.00,0
0,1,33,3,212,786,0,0,0,1,0,1,0,0,0,0,0,0,0,0,0,0,8,8,0.00,0.00,0.00,0.00,1.00,0.00,0.00,8,99,1.00,0.00,0.12,0.05,0.00,0.00,0.00,0.00,0
184,1,65,3,1511,2957,0,0,0,3,0,1,2,1,0,0,1,0,0,0,0,0,1,1,0.00,0.00,0.00,0.00,1.00,0.00,0.00,1,3,1.00,0.00,1.00,0.67,0.00,0.00,0.00,0.00,1
305,1,65,3,1735,2766,0,0,0,3,0,1,2,1,0,0,1,0,0,0,0,0,1,1,0.00,0.00,0.00,0.00,1.00,0.00,0.00,2,4,1.00,0.00,0.50,0.50,0.00,0.00,0.00,0.00,1
79,1,65,3,281,1301,0,0,0,2,0,1,1,1,0,0,4,2,0,0,0,0,1,1,0.00,0.00,0.00,0.00,1.00,0.00,0.00,1,10,1.00,0.00,1.00,0.30,0.00,0.00,0.00,0.10,2
25,1,65,3,269,2333,0,0,0,0,0,1,0,1,0,2,2,1,0,0,0,0,1,1,0.00,0.00,0.00,0.00,1.00,0.00,0.00,69,2,0.03,0.06,0.01,0.00,0.00,0.00,0.00,0.00,3
0,1,65,10,0,0,0,0,0,0,0,0,0,0,0,0,0,0,0,0,0,0,6,5,0.83,1.00,0.00,0.00,0.83,0.33,0.00,5,6,1.00,0.00,0.20,0.33,1.00,0.83,0.00,0.00,4
0,1,65,10,0,0,0,0,0,0,0,0,0,0,0,0,0,0,0,0,0,0,16,15,0.94,1.00,0.00,0.00,0.94,0.12,0.00,15,16,1.00,0.00,0.07,0.12,1.00,0.94,0.00,0.00,4
0,3,66,3,1032,0,0,0,0,0,0,0,0,0,0,0,0,0,0,0,0,0,316,316,0.00,0.00,0.00,0.00,1.00,0.00,0.00,148,3,0.02,0.02,0.02,0.00,0.00,0.00,0.00,0.00,5
0,3,66,3,1032,0,0,0,0,0,0,0,0,0,0,0,0,0,0,0,0,0,511,511,0.00,0.00,0.00,0.00,1.00,0.00,0.00,158,13,0.08,0.02,0.08,0.00,0.00,0.00,0.00,0.00,5
0,3,66,3,1032,0,0,0,0,0,0,0,0,0,0,0,0,0,0,0,0,0,511,511,0.00,0.00,0.00,0.00,1.00,0.00,0.00,168,23,0.14,0.02,0.14,0.00,0.00,0.00,0.00,0.00,5
0,3,66,3,1032,0,0,0,0,0,0,0,0,0,0,0,0,0,0,0,0,0,510,510,0.00,0.00,0.00,0.00,1.00,0.00,0.00,178,33,0.19,0.02,0.19,0.00,0.00,0.00,0.00,0.00,5
0,3,66,3,1032,0,0,0,0,0,0,0,0,0,0,0,0,0,0,0,0,0,509,509,0.00,0.00,0.00,0.00,1.00,0.00,0.00,188,43,0.23,0.02,0.23,0.00,0.00,0.00,0.00,0.00,5
0,3,66,3,1032,0,0,0,0,0,0,0,0,0,0,0,0,0,0,0,0,0,511,511,0.00,0.00,0.00,0.00,1.00,0.00,0.00,198,53,0.27,0.02,0.27,0.00,0.00,0.00,0.00,0.00,5
0,3,66,3,1032,0,0,0,0,0,0,0,0,0,0,0,0,0,0,0,0,0,511,511,0.00,0.00,0.00,0.00,1.00,0.00,0.00,208,63,0.30,0.01,0.30,0.00,0.00,0.00,0.00,0.00,5
0,3,66,3,1032,0,0,0,0,0,0,0,0,0,0,0,0,0,0,0,0,0,509,509,0.00,0.00,0.00,0.00,1.00,0.00,0.00,218,73,0.33,0.01,0.33,0.00,0.00,0.00,0.00,0.00,5
0,3,66,3,1032,0,0,0,0,0,0,0,0,0,0,0,0,0,0,0,0,0,511,511,0.00,0.00,0.00,0.00,1.00,0.00,0.00,228,83,0.36,0.01,0.36,0.00,0.00,0.00,0.00,0.00,5
0,3,66,3,1032,0,0,0,0,0,0,0,0,0,0,0,0,0,0,0,0,0,511,511,0.00,0.00,0.00,0.00,1.00,0.00,0.00,238,93,0.39,0.01,0.39,0.00,0.00,0.00,0.00,0.00,5
23,1,65,3,104,276,0,0,0,0,5,0,0,0,0,0,0,0,0,0,0,0,1,1,0.00,0.00,0.00,0.00,1.00,0.00,0.00,1,2,1.00,0.00,1.00,1.00,0.00,0.00,0.00,0.00,8
0,3,66,3,1480,0,0,1,0,0,0,0,0,0,0,0,0,0,0,0,0,0,1,1,0.00,0.00,0.00,0.00,1.00,0.00,0.00,85,1,0.01,0.05,0.01,0.00,0.00,0.00,0.00,0.00,15
0,3,66,3,1480,0,0,1,0,0,0,0,0,0,0,0,0,0,0,0,0,0,2,2,0.00,0.00,0.00,0.00,1.00,0.00,0.00,86,2,0.02,0.05,0.02,0.00,0.00,0.00,0.00,0.00,15
0,3,66,3,1480,0,0,1,0,0,0,0,0,0,0,0,0,0,0,0,0,0,3,3,0.00,0.00,0.00,0.00,1.00,0.00,0.00,87,3,0.03,0.05,0.03,0.00,0.00,0.00,0.00,0.00,15
0,3,66,3,1480,0,0,1,0,0,0,0,0,0,0,0,0,0,0,0,0,0,4,4,0.00,0.00,0.00,0.00,1.00,0.00,0.00,88,4,0.05,0.05,0.05,0.00,0.00,0.00,0.00,0.00,15
0,3,66,3,1480,0,0,1,0,0,0,0,0,0,0,0,0,0,0,0,0,0,5,5,0.00,0.00,0.00,0.00,1.00,0.00,0.00,89,5,0.06,0.04,0.06,0.00,0.00,0.00,0.00,0.00,15
0,3,66,3,1480,0,0,1,0,0,0,0,0,0,0,0,0,0,0,0,0,0,6,6,0.00,0.00,0.00,0.00,1.00,0.00,0.00,90,6,0.07,0.04,0.07,0.00,0.00,0.00,0.00,0.00,15
0,3,66,3,1480,0,0,1,0,0,0,0,0,0,0,0,0,0,0,0,0,0,7,7,0.00,0.00,0.00,0.00,1.00,0.00,0.00,91,7,0.08,0.04,0.08,0.00,0.00,0.00,0.00,0.00,15
0,3,66,3,1480,0,0,1,0,0,0,0,0,0,0,0,0,0,0,0,0,0,8,8,0.00,0.00,0.00,0.00,1.00,0.00,0.00,92,8,0.09,0.04,0.09,0.00,0.00,0.00,0.00,0.00,15
0,3,66,3,1480,0,0,1,0,0,0,0,0,0,0,0,0,0,0,0,0,0,9,9,0.00,0.00,0.00,0.00,1.00,0.00,0.00,93,9,0.10,0.04,0.10,0.00,0.00,0.00,0.00,0.00,15
0,3,66,3,1480,0,0,1,0,0,0,0,0,0,0,0,0,0,0,0,0,0,10,10,0.00,0.00,0.00,0.00,1.00,0.00,0.00,94,10,0.11,0.04,0.11,0.00,0.00,0.00,0.00,0.00,15
0,2,44,3,28,0,0,1,0,0,0,0,0,0,0,0,0,0,0,0,0,0,1,1,0.00,0.00,0.00,0.00,1.00,0.00,0.00,73,1,0.01,0.05,0.01,0.00,0.00,0.00,0.00,0.00,20
0,2,44,3,28,0,0,3,0,0,0,0,0,0,0,0,0,0,0,0,0,0,2,2,0.00,0.00,0.00,0.00,1.00,0.00,0.00,74,2,0.03,0.05,0.03,0.00,0.00,0.00,0.00,0.00,20
0,2,44,3,28,0,0,3,0,0,0,0,0,0,0,0,0,0,0,0,0,0,3,3,0.00,0.00,0.00,0.00,1.00,0.00,0.00,75,3,0.04,0.05,0.04,0.00,0.00,0.00,0.00,0.00,20
0,2,44,3,28,0,0,3,0,0,0,0,0,0,0,0,0,0,0,0,0,0,4,4,0.00,0.00,0.00,0.00,1.00,0.00,0.00,76,4,0.05,0.05,0.05,0.00,0.00,0.00,0.00,0.00,20
0,2,44,3,28,0,0,3,0,0,0,0,0,0,0,0,0,0,0,0,0,0,5,5,0.00,0.00,0.00,0.00,1.00,0.00,0.00,77,5,0.06,0.05,0.06,0.00,0.00,0.00,0.00,0.00,20
0,2,44,3,28,0,0,3,0,0,0,0,0,0,0,0,0,0,0,0,0,0,6,6,0.00,0.00,0.00,0.00,1.00,0.00,0.00,78,6,0.08,0.05,0.08,0.00,0.00,0.00,0.00,0.00,20
0,2,44,3,28,0,0,3,0,0,0,0,0,0,0,0,0,0,0,0,0,0,7,7,0.00,0.00,0.00,0.00,1.00,0.00,0.00,79,7,0.09,0.05,0.09,0.00,0.00,0.00,0.00,0.00,20
0,2,44,3,28,0,0,3,0,0,0,0,0,0,0,0,0,0,0,0,0,0,8,8,0.00,0.00,0.00,0.00,1.00,0.00,0.00,80,8,0.10,0.05,0.10,0.00,0.00,0.00,0.00,0.00,20
0,2,44,3,28,0,0,3,0,0,0,0,0,0,0,0,0,0,0,0,0,0,9,9,0.00,0.00,0.00,0.00,1.00,0.00,0.00,81,9,0.11,0.05,0.11,0.00,0.00,0.00,0.00,0.00,20
0,2,44,3,28,0,0,3,0,0,0,0,0,0,0,0,0,0,0,0,0,0,10,10,0.00,0.00,0.00,0.00,1.00,0.00,0.00,82,10,0.12,0.05,0.12,0.00,0.00,0.00,0.00,0.00,20
60,1,65,2,125,179,0,0,0,1,1,0,0,0,0,0,0,0,0,0,0,0,1,1,1.00,1.00,0.00,0.00,1.00,0.00,0.00,1,1,1.00,0.00,1.00,0.00,1.00,1.00,0.00,0.00,8
0,1,65,4,125,179,0,0,0,1,1,0,0,0,0,0,0,0,0,0,0,0,2,2,0.50,0.50,0.50,0.50,1.00,0.00,0.00,2,2,1.00,0.00,0.50,0.00,0.50,0.50,0.50,0.50,8
0,1,65,4,125,179,0,0,0,1,1,0,0,0,0,0,0,0,0,0,0,0,2,2,0.00,0.00,1.00,1.00,1.00,0.00,0.00,3,3,1.00,0.00,0.33,0.00,0.33,0.33,0.67,0.67,8
0,1,65,4,125,179,0,0,0,1,1,0,0,0,0,0,0,0,0,0,0,0,1,1,0.00,0.00,1.00,1.00,1.00,0.00,0.00,4,4,1.00,0.00,0.25,0.00,0.25,0.25,0.75,0.75,8
0,1,65,4,125,179,0,0,0,1,1,0,0,0,0,0,0,0,0,0,0,0,2,2,0.00,0.00,1.00,1.00,1.00,0.00,0.00,5,5,1.00,0.00,0.20,0.00,0.20,0.20,0.80,0.80,8
0,1,65,4,125,179,0,0,0,1,1,0,0,0,0,0,0,0,0,0,0,0,2,2,0.00,0.00,1.00,1.00,1.00,0.00,0.00,6,6,1.00,0.00,0.17,0.00,0.17,0.17,0.83,0.83,8
0,1,65,4,125,179,0,0,0,1,1,0,0,0,0,0,0,0,0,0,0,0,2,2,0.00,0.00,1.00,1.00,1.00,0.00,0.00,7,7,1.00,0.00,0.14,0.00,0.14,0.14,0.86,0.86,8
0,1,65,4,125,179,0,0,0,1,1,0,0,0,0,0,0,0,0,0,0,0,2,2,0.00,0.00,1.00,1.00,1.00,0.00,0.00,8,8,1.00,0.00,0.12,0.00,0.12,0.12,0.88,0.88,8
0,1,65,4,125,179,0,0,0,1,1,0,0,0,0,0,0,0,0,0,0,0,2,2,0.00,0.00,1.00,1.00,1.00,0.00,0.00,9,9,1.00,0.00,0.11,0.00,0.11,0.11,0.89,0.89,8
1,1,44,1,0,0,0,0,0,0,0,0,0,0,0,0,0,0,0,0,0,0,8,2,0.00,0.00,1.00,1.00,0.25,0.50,0.00,178,2,0.01,0.04,0.04,0.00,0.01,0.00,0.32,1.00,16
1,1,44,1,0,0,0,0,0,0,0,0,0,0,0,0,0,0,0,0,0,0,18,2,0.00,0.00,1.00,1.00,0.11,0.50,0.00,188,2,0.01,0.06,0.10,0.00,0.01,0.00,0.36,1.00,16
0,1,44,11,0,0,0,0,0,0,0,0,0,0,0,0,0,0,0,0,0,0,28,1,0.00,0.00,1.00,1.00,0.04,0.54,0.00,198,1,0.01,0.09,0.14,0.00,0.01,0.00,0.39,1.00,16
0,1,44,11,0,0,0,0,0,0,0,0,0,0,0,0,0,0,0,0,0,0,38,1,0.00,0.00,1.00,1.00,0.03,0.55,0.00,208,1,0.00,0.11,0.18,0.00,0.01,0.00,0.42,1.00,16
1,1,44,1,0,0,0,0,0,0,0,0,0,0,0,0,0,0,0,0,0,0,48,2,0.00,0.00,1.00,1.00,0.04,0.54,0.00,218,2,0.01,0.12,0.22,0.00,0.01,0.00,0.44,1.00,16
1,1,44,1,0,0,0,0,0,0,0,0,0,0,0,0,0,0,0,0,0,0,58,2,0.00,0.00,1.00,1.00,0.03,0.53,0.00,228,2,0.01,0.14,0.25,0.00,0.01,0.00,0.47,1.00,16
0,1,44,11,0,0,0,0,0,0,0,0,0,0,0,0,0,0,0,0,0,0,68,1,0.00,0.00,1.00,1.00,0.01,0.54,0.00,238,1,0.00,0.16,0.29,0.00,0.01,0.00,0.49,1.00,16
1,1,44,1,0,0,0,0,0,0,0,0,0,0,0,0,0,0,0,0,0,0,78,2,0.00,0.00,1.00,1.00,0.03,0.54,0.00,248,2,0.01,0.17,0.31,0.00,0.01,0.00,0.51,1.00,16
1,1,44,1,0,0,0,0,0,0,0,0,0,0,0,0,0,0,0,0,0,0,88,2,0.00,0.00,1.00,1.00,0.02,0.53,0.00,255,2,0.01,0.19,0.35,0.00,0.00,0.00,0.53,1.00,16
1,1,44,1,0,0,0,0,0,0,0,0,0,0,0,0,0,0,0,0,0,0,98,2,0.00,0.00,1.00,1.00,0.02,0.55,0.00,255,2,0.01,0.22,0.38,0.00,0.00,0.00,0.53,1.00,16
0,1,44,11,0,0,0,0,0,0,0,0,0,0,0,0,0,0,0,0,0,0,1,1,0.00,0.00,1.00,1.00,1.00,0.00,0.00,9,1,0.11,1.00,0.11,0.00,0.00,0.00,0.89,1.00,10
0,1,44,11,0,0,0,0,0,0,0,0,0,0,0,0,0,0,0,0,0,0,1,1,0.00,0.00,1.00,1.00,1.00,0.00,0.00,19,1,0.05,1.00,0.05,0.00,0.00,0.00,0.95,1.00,10
0,1,44,11,0,0,0,0,0,0,0,0,0,0,0,0,0,0,0,0,0,0,1,1,0.00,0.00,1.00,1.00,1.00,0.00,0.00,29,1,0.03,1.00,0.03,0.00,0.00,0.00,0.97,1.00,10
0,1,44,11,0,0,0,0,0,0,0,0,0,0,0,0,0,0,0,0,0,0,1,1,0.00,0.00,1.00,1.00,1.00,0.00,0.00,39,1,0.03,1.00,0.03,0.00,0.00,0.00,0.95,1.00,10
0,1,44,11,0,0,0,0,0,0,0,0,0,0,0,0,0,0,0,0,0,0,1,1,0.00,0.00,1.00,1.00,1.00,0.00,0.00,49,1,0.02,1.00,0.02,0.00,0.00,0.00,0.96,1.00,10
0,1,44,11,0,0,0,0,0,0,0,0,0,0,0,0,0,0,0,0,0,0,1,1,0.00,0.00,1.00,1.00,1.00,0.00,0.00,59,1,0.02,1.00,0.02,0.00,0.00,0.00,0.95,1.00,10
0,1,44,11,0,0,0,0,0,0,0,0,0,0,0,0,0,0,0,0,0,0,1,1,0.00,0.00,1.00,1.00,1.00,0.00,0.00,69,1,0.01,1.00,0.01,0.00,0.00,0.00,0.94,1.00,10
0,1,2,3,0,91,0,0,0,0,0,1,0,0,0,0,0,0,0,0,0,0,1,1,0.00,0.00,0.00,0.00,1.00,0.00,0.00,6,51,0.17,1.00,0.17,0.04,0.00,0.00,0.83,0.00,10
0,1,44,11,0,0,0,0,0,0,0,0,0,0,0,0,0,0,0,0,0,0,1,1,0.00,0.00,1.00,1.00,1.00,0.00,0.00,16,2,0.06,1.00,0.06,1.00,0.00,0.00,0.94,1.00,10
0,1,44,11,0,0,0,0,0,0,0,0,0,0,0,0,0,0,0,0,0,0,1,1,0.00,0.00,1.00,1.00,1.00,0.00,0.00,26,2,0.04,1.00,0.04,1.00,0.00,0.00,0.92,1.00,10
0,1,28,10,0,0,1,0,0,0,0,0,0,0,0,0,0,0,0,0,0,0,1,1,1.00,1.00,0.00,0.00,1.00,0.00,0.00,1,8,1.00,0.00,1.00,0.38,1.00,0.12,0.00,0.00,11
26,1,34,3,116,451,0,0,0,2,0,1,0,0,0,0,1,0,1,0,0,1,1,1,0.00,0.00,0.00,0.00,1.00,0.00,0.00,1,1,1.00,0.00,1.00,0.00,0.00,0.00,0.00,0.00,7
134,1,22,3,100,39445,0,0,2,0,0,1,1,0,0,1,0,0,1,0,0,0,1,1,0.00,0.00,0.00,0.00,1.00,0.00,0.00,2,1,0.50,1.00,0.50,0.00,0.00,0.00,0.00,0.00,7
0,1,33,3,54540,8314,0,0,0,2,0,1,1,0,0,0,0,0,0,0,0,0,1,2,0.00,0.00,0.00,0.50,1.00,0.00,1.00,1,1,1.00,0.00,1.00,0.00,0.00,0.00,0.00,0.00,6
0,1,33,3,54540,8314,0,0,0,2,0,1,1,0,0,0,0,0,0,0,0,0,2,3,0.00,0.00,0.00,0.33,1.00,0.00,0.67,2,2,1.00,0.00,0.50,0.00,0.00,0.00,0.00,0.00,6
0,1,33,3,54540,8314,0,0,0,2,0,1,1,0,0,0,0,0,0,0,0,0,3,4,0.00,0.00,0.00,0.25,1.00,0.00,0.50,3,3,1.00,0.00,0.33,0.00,0.00,0.00,0.00,0.00,6
0,1,33,3,54540,8314,0,0,0,2,0,1,1,0,0,0,0,0,0,0,0,0,4,4,0.00,0.00,0.00,0.00,1.00,0.00,0.00,4,4,1.00,0.00,0.25,0.00,0.00,0.00,0.00,0.00,6
0,1,33,3,54540,8314,0,0,0,2,0,1,1,0,0,0,0,0,0,0,0,0,4,4,0.00,0.00,0.00,0.00,1.00,0.00,0.00,5,5,1.00,0.00,0.20,0.00,0.00,0.00,0.00,0.00,6
0,1,33,3,54540,8314,0,0,0,2,0,1,1,0,0,0,0,0,0,0,0,0,5,5,0.00,0.00,0.00,0.00,1.00,0.00,0.00,6,6,1.00,0.00,0.17,0.00,0.00,0.00,0.00,0.00,6
0,1,33,1,54540,8314,0,0,0,2,0,1,1,0,0,0,0,0,0,0,0,0,4,4,0.00,0.00,0.25,0.25,1.00,0.00,0.00,7,7,1.00,0.00,0.14,0.00,0.00,0.00,0.14,0.14,6
0,1,33,3,54540,8314,0,0,0,2,0,1,1,0,0,0,0,0,0,0,0,0,5,5,0.00,0.00,0.20,0.20,1.00,0.00,0.00,8,8,1.00,0.00,0.12,0.00,0.00,0.00,0.12,0.12,6
0,1,33,3,54540,8314,0,0,0,2,0,1,1,0,0,0,0,0,0,0,0,0,5,5,0.00,0.00,0.20,0.20,1.00,0.00,0.00,9,9,1.00,0.00,0.11,0.00,0.00,0.00,0.11,0.11,6
0,1,33,3,54540,8314,0,0,0,2,0,1,1,0,0,0,0,0,0,0,0,0,6,6,0.00,0.00,0.17,0.17,1.00,0.00,0.00,10,10,1.00,0.00,0.10,0.00,0.00,0.00,0.10,0.10,6
31,1,7,3,1345,10036,0,0,0,0,0,1,16,0,0,16,0,0,0,0,0,0,1,1,0.00,0.00,0.00,0.00,1.00,0.00,0.00,255,1,0.00,0.01,0.00,0.00,0.00,0.00,0.03,0.00,9
0,1,30,3,613,0,0,0,0,0,0,1,0,0,0,1,0,0,0,0,0,0,1,2,0.00,0.00,0.00,0.00,1.00,0.00,1.00,1,84,1.00,0.00,1.00,0.02,0.00,0.00,0.00,0.00,7
0,1,30,3,0,5,0,0,0,0,0,1,0,0,0,0,0,0,0,0,0,0,1,1,0.00,0.00,0.00,0.00,1.00,0.00,0.00,2,85,1.00,0.00,1.00,0.02,0.00,0.00,0.00,0.00,7
150,1,65,3,1587,6707,0,0,0,1,0,1,3,0,0,1,1,0,0,0,0,0,1,1,0.00,0.00,0.00,0.00,1.00,0.00,0.00,1,1,1.00,0.00,1.00,0.00,0.00,0.00,0.00,0.00,1
0,2,58,3,1,0,0,0,0,0,0,0,0,0,0,0,0,0,0,0,0,0,6,1,0.00,0.00,0.00,0.00,0.17,0.67,0.00,150,1,0.01,0.06,0.03,0.00,0.01,0.00,0.00,0.00,18
3,1,65,3,54,114,0,0,0,0,0,0,0,0,0,0,0,0,0,0,0,0,7,1,0.00,0.00,0.29,0.00,0.14,0.71,0.00,160,29,0.18,0.08,0.01,0.00,0.01,0.03,0.01,0.00,18
0,1,33,3,51,8127,0,0,0,2,0,1,0,1,0,0,0,0,1,0,0,0,1,2,0.00,0.00,0.00,0.50,1.00,0.00,1.00,255,255,1.00,0.00,0.00,0.00,0.00,0.00,0.00,0.00,14
32,1,34,3,104,449,0,0,0,2,0,1,0,0,0,0,1,0,1,0,0,1,1,1,0.00,0.00,0.00,0.00,1.00,0.00,0.00,1,1,1.00,0.00,1.00,0.00,0.00,0.00,0.00,0.00,7
67,1,22,3,157,2703,0,0,1,0,0,1,0,0,0,0,0,0,0,0,0,0,1,1,0.00,0.00,0.00,0.00,1.00,0.00,0.00,2,1,0.50,1.00,0.50,0.00,0.00,0.00,0.00,0.00,7
0,3,61,3,8,0,0,0,0,0,0,0,0,0,0,0,0,0,0,0,0,0,1,1,0.00,0.00,0.00,0.00,1.00,0.00,0.00,4,2,0.50,0.75,0.50,0.00,0.00,0.00,0.00,0.00,13
0,1,44,5,0,0,0,0,0,0,0,0,0,0,0,0,0,0,0,0,0,0,2,1,1.00,1.00,0.00,0.00,0.50,1.00,0.00,14,1,0.07,0.71,0.50,0.00,0.50,1.00,0.00,0.00,13
0,1,44,5,0,0,0,0,0,0,0,0,0,0,0,0,0,0,0,0,0,0,1,1,1.00,1.00,0.00,0.00,1.00,0.00,0.00,24,1,0.04,0.75,0.67,0.00,0.67,1.00,0.00,0.00,13
0,1,65,5,0,0,0,0,0,0,0,0,0,0,0,0,0,0,0,0,0,0,1,1,1.00,1.00,0.00,0.00,1.00,0.00,0.00,34,1,0.03,0.74,0.76,0.00,0.76,1.00,0.00,0.00,13
0,1,44,5,0,0,0,0,0,0,0,0,0,0,0,0,0,0,0,0,0,0,1,1,1.00,1.00,0.00,0.00,1.00,0.00,0.00,44,1,0.02,0.77,0.82,0.00,0.82,1.00,0.00,0.00,13
0,1,44,5,0,0,0,0,0,0,0,0,0,0,0,0,0,0,0,0,0,0,1,1,1.00,1.00,0.00,0.00,1.00,0.00,0.00,54,1,0.02,0.81,0.85,0.00,0.85,1.00,0.00,0.00,13
0,1,44,5,0,0,0,0,0,0,0,0,0,0,0,0,0,0,0,0,0,0,1,1,1.00,1.00,0.00,0.00,1.00,0.00,0.00,64,1,0.02,0.84,0.88,0.00,0.88,1.00,0.00,0.00,13
0,1,44,5,0,0,0,0,0,0,0,0,0,0,0,0,0,0,0,0,0,0,1,1,1.00,1.00,0.00,0.00,1.00,0.00,0.00,74,1,0.01,0.86,0.89,0.00,0.89,1.00,0.00,0.00,13
0,1,44,5,0,0,0,0,0,0,0,0,0,0,0,0,0,0,0,0,0,0,1,1,1.00,1.00,0.00,0.00,1.00,0.00,0.00,84,1,0.01,0.88,0.90,0.00,0.90,1.00,0.00,0.00,13
0,1,44,5,0,0,0,0,0,0,0,0,0,0,0,0,0,0,0,0,0,0,1,1,1.00,1.00,0.00,0.00,1.00,0.00,0.00,94,1,0.01,0.89,0.91,0.00,0.91,1.00,0.00,0.00,13
192,1,34,3,119,426,0,0,0,2,0,1,0,0,0,0,1,0,0,0,0,1,1,1,0.00,0.00,0.00,0.00,1.00,0.00,0.00,255,1,0.00,0.01,0.00,0.00,0.00,0.00,0.04,0.00,12
179,1,34,3,87,319,0,0,0,1,0,1,0,0,0,0,1,0,0,0,0,1,1,1,0.00,0.00,0.00,0.00,1.00,0.00,0.00,255,2,0.01,0.01,0.00,0.00,0.00,0.00,0.04,0.00,12
0,1,30,3,866,0,0,0,0,0,0,0,0,0,0,0,0,0,0,0,0,0,1,1,0.00,0.00,0.00,0.00,1.00,0.00,0.00,1,1,1.00,0.00,1.00,0.00,0.00,0.00,0.00,0.00,12
0,1,30,3,0,467968,0,0,0,0,0,0,0,0,0,0,0,0,0,0,0,0,1,1,0.00,0.00,0.00,0.00,1.00,0.00,0.00,2,2,1.00,0.00,1.00,0.00,0.00,0.00,0.00,0.00,12
1,1,30,3,0,988002,0,0,0,0,0,0,0,0,0,0,0,0,0,0,0,0,1,2,0.00,0.00,0.00,0.00,1.00,0.00,1.00,3,3,1.00,0.00,1.00,0.00,0.00,0.00,0.00,0.00,12
0,1,30,3,676,0,0,0,0,0,0,0,0,0,0,0,0,0,0,0,0,0,1,1,0.00,0.00,0.00,0.00,1.00,0.00,0.00,1,4,1.00,0.00,1.00,0.50,0.00,0.00,0.00,0.00,7
0,1,30,3,0,5,0,0,0,0,0,0,0,0,0,0,0,0,0,0,0,0,1,1,0.00,0.00,0.00,0.00,1.00,0.00,0.00,2,5,1.00,0.00,1.00,0.40,0.00,0.00,0.00,0.00,7
0,1,44,10,0,0,0,0,0,0,0,0,0,0,0,0,0,0,0,0,0,0,63,1,1.00,1.00,0.00,0.00,0.02,0.08,0.00,1,1,1.00,0.00,1.00,0.00,1.00,1.00,0.00,0.00,4
0,1,44,10,0,0,0,0,0,0,0,0,0,0,0,0,0,0,0,0,0,0,110,8,1.00,1.00,0.00,0.00,0.07,0.06,0.00,11,8,0.73,0.27,0.09,0.00,1.00,1.00,0.00,0.00,4
0,1,44,10,0,0,0,0,0,0,0,0,0,0,0,0,0,0,0,0,0,0,119,17,1.00,1.00,0.00,0.00,0.14,0.06,0.00,21,17,0.81,0.14,0.05,0.00,1.00,1.00,0.00,0.00,4
0,1,44,10,0,0,0,0,0,0,0,0,0,0,0,0,0,0,0,0,0,0,128,6,1.00,1.00,0.00,0.00,0.05,0.06,0.00,31,6,0.19,0.13,0.03,0.00,1.00,1.00,0.00,0.00,4
0,1,44,10,0,0,0,0,0,0,0,0,0,0,0,0,0,0,0,0,0,0,138,16,1.00,1.00,0.00,0.00,0.12,0.06,0.00,41,16,0.39,0.10,0.02,0.00,1.00,1.00,0.00,0.00,4
0,1,44,10,0,0,0,0,0,0,0,0,0,0,0,0,0,0,0,0,0,0,105,6,1.00,1.00,0.00,0.00,0.06,0.06,0.00,51,5,0.10,0.10,0.02,0.00,1.00,1.00,0.00,0.00,4
0,1,44,10,0,0,0,0,0,0,0,0,0,0,0,0,0,0,0,0,0,0,114,14,1.00,1.00,0.00,0.00,0.12,0.06,0.00,61,13,0.21,0.10,0.02,0.00,1.00,1.00,0.00,0.00,4
0,1,44,10,0,0,0,0,0,0,0,0,0,0,0,0,0,0,0,0,0,0,123,3,1.00,1.00,0.00,0.00,0.02,0.07,0.00,71,3,0.04,0.10,0.01,0.00,1.00,1.00,0.00,0.00,4
0,1,34,3,36,197,0,0,0,0,0,1,0,0,0,0,1,0,0,0,0,1,1,1,0.00,0.00,0.00,0.00,1.00,0.00,0.00,255,1,0.00,0.05,0.00,0.00,0.39,0.00,0.05,0.00,22
198,1,65,3,562,9139,0,0,0,3,0,1,22,1,0,39,4,2,0,0,0,0,1,1,0.00,0.00,0.00,0.00,1.00,0.00,0.00,1,1,1.00,0.00,1.00,0.00,0.00,0.00,0.00,0.00,12
0,1,28,10,0,0,1,0,0,0,0,0,0,0,0,0,0,0,0,0,0,0,1,2,1.00,1.00,0.00,0.00,1.00,0.00,1.00,1,1,1.00,0.00,1.00,0.00,1.00,1.00,0.00,0.00,11
156,1,34,3,950,2551,0,0,0,18,0,1,0,0,0,0,21,0,0,0,0,1,1,1,0.00,0.00,0.00,0.00,1.00,0.00,0.00,218,1,0.00,0.03,0.00,0.00,0.01,0.00,0.07,0.00,22
0,1,28,10,0,0,1,0,0,0,0,0,0,0,0,0,0,0,0,0,0,0,1,1,1.00,1.00,0.00,0.00,1.00,0.00,0.00,1,6,1.00,0.00,1.00,0.33,1.00,0.17,0.00,0.00,11
0,1,7,5,0,0,0,0,0,0,0,0,0,0,0,0,0,0,0,0,0,0,1,160,1.00,0.58,0.00,0.03,1.00,0.00,0.28,1,1,1.00,0.00,1.00,0.00,1.00,1.00,0.00,0.00,9
0,1,7,5,0,0,0,0,0,0,0,0,0,0,0,0,0,0,0,0,0,0,2,161,1.00,0.58,0.00,0.03,1.00,0.00,0.28,2,2,1.00,0.00,1.00,0.00,1.00,1.00,0.00,0.00,9
0,1,7,3,0,0,0,0,0,0,0,0,0,0,0,0,0,0,0,0,0,0,3,162,0.67,0.58,0.00,0.03,1.00,0.00,0.28,3,3,1.00,0.00,1.00,0.00,0.67,0.67,0.00,0.00,9
0,1,7,3,0,0,0,0,0,2,0,0,0,0,0,0,0,0,0,0,0,0,4,163,0.50,0.58,0.00,0.03,1.00,0.00,0.28,4,4,1.00,0.00,1.00,0.00,0.50,0.50,0.00,0.00,9
41,1,7,3,1334,162,0,0,0,0,0,0,0,0,0,0,0,0,0,0,0,0,1,1,0.00,0.00,0.00,0.00,1.00,0.00,0.00,5,5,1.00,0.00,0.20,0.00,0.40,0.40,0.00,0.00,9
0,1,7,10,0,0,0,0,0,0,0,0,0,0,0,0,0,0,0,0,0,0,1,1,1.00,1.00,0.00,0.00,1.00,0.00,0.00,6,6,1.00,0.00,0.17,0.00,0.50,0.50,0.00,0.00,9
0,1,7,5,0,0,0,0,0,0,0,0,0,0,0,0,0,0,0,0,0,0,1,122,1.00,0.76,0.00,0.04,1.00,0.00,0.37,7,7,1.00,0.00,0.71,0.00,0.57,0.57,0.00,0.00,9
0,1,7,5,0,0,0,0,0,0,0,0,0,0,0,0,0,0,0,0,0,0,2,123,1.00,0.76,0.00,0.04,1.00,0.00,0.37,8,8,1.00,0.00,0.75,0.00,0.62,0.62,0.00,0.00,9
0,1,7,3,0,0,0,0,0,0,0,0,0,0,0,0,0,0,0,0,0,0,3,124,0.67,0.76,0.00,0.04,1.00,0.00,0.36,9,9,1.00,0.00,0.78,0.00,0.56,0.56,0.00,0.00,9
0,1,28,10,0,0,1,0,0,0,0,0,0,0,0,0,0,0,0,0,0,0,1,2,1.00,1.00,0.00,0.00,1.00,0.00,1.00,12,9,0.08,0.17,0.08,0.33,0.58,0.11,0.00,0.00,11
0,1,28,10,0,0,1,0,0,0,0,0,0,0,0,0,0,0,0,0,0,0,1,2,1.00,1.00,0.00,0.00,1.00,0.00,1.00,1,1,1.00,0.00,1.00,0.00,1.00,1.00,0.00,0.00,11
0,1,28,10,0,0,1,0,0,0,0,0,0,0,0,0,0,0,0,0,0,0,1,2,1.00,1.00,0.00,0.00,1.00,0.00,1.00,1,2,1.00,0.00,1.00,1.00,1.00,1.00,0.00,0.00,11
0,1,28,10,0,0,1,0,0,0,0,0,0,0,0,0,0,0,0,0,0,0,1,2,1.00,1.00,0.00,0.00,1.00,0.00,1.00,1,3,1.00,0.00,1.00,1.00,1.00,1.00,0.00,0.00,11
0,1,28,10,0,0,1,0,0,0,0,0,0,0,0,0,0,0,0,0,0,0,1,2,1.00,1.00,0.00,0.00,1.00,0.00,1.00,1,4,1.00,0.00,1.00,1.00,1.00,1.00,0.00,0.00,11
0,1,28,10,0,0,1,0,0,0,0,0,0,0,0,0,0,0,0,0,0,0,1,2,1.00,1.00,0.00,0.00,1.00,0.00,1.00,1,5,1.00,0.00,1.00,1.00,1.00,1.00,0.00,0.00,11
0,1,30,3,0,7181,0,0,0,0,0,0,0,0,0,0,0,0,0,0,0,0,1,1,0.00,0.00,0.00,0.00,1.00,0.00,0.00,1,1,1.00,0.00,1.00,0.00,0.00,0.00,0.00,0.00,22
0,1,30,3,0,848,0,0,0,0,0,0,0,0,0,0,0,0,0,0,0,0,2,2,0.00,0.00,0.00,0.00,1.00,0.00,0.00,2,2,1.00,0.00,1.00,0.00,0.00,0.00,0.00,0.00,22
9,1,30,3,0,5153460,0,0,0,0,0,0,0,0,0,0,0,0,0,0,0,0,3,3,0.00,0.00,0.00,0.00,1.00,0.00,0.00,3,3,1.00,0.00,1.00,0.00,0.00,0.00,0.00,0.00,22
10,1,30,3,0,5155468,0,0,0,0,0,0,0,0,0,0,0,0,0,0,0,0,1,1,0.00,0.00,0.00,0.00,1.00,0.00,0.00,4,4,1.00,0.00,1.00,0.00,0.00,0.00,0.00,0.00,22
10,1,30,3,0,5151385,0,0,0,0,0,0,0,0,0,0,0,0,0,0,0,0,1,1,0.00,0.00,0.00,0.00,1.00,0.00,0.00,5,5,1.00,0.00,1.00,0.00,0.00,0.00,0.00,0.00,22
9,1,30,3,0,5150836,0,0,0,0,0,0,0,0,0,0,0,0,0,0,0,0,1,1,0.00,0.00,0.00,0.00,1.00,0.00,0.00,6,6,1.00,0.00,1.00,0.00,0.00,0.00,0.00,0.00,22
10,1,30,3,0,5150823,0,0,0,0,0,0,0,0,0,0,0,0,0,0,0,0,1,1,0.00,0.00,0.00,0.00,1.00,0.00,0.00,7,7,1.00,0.00,1.00,0.00,0.00,0.00,0.00,0.00,22
10,1,30,3,0,5150877,0,0,0,0,0,0,0,0,0,0,0,0,0,0,0,0,1,1,0.00,0.00,0.00,0.00,1.00,0.00,0.00,8,8,1.00,0.00,1.00,0.00,0.00,0.00,0.00,0.00,22
0,1,28,10,0,0,1,0,0,0,0,0,0,0,0,0,0,0,0,0,0,0,1,2,1.00,1.00,0.00,0.00,1.00,0.00,1.00,1,6,1.00,0.00,1.00,0.33,1.00,0.17,0.00,0.00,11
12,1,33,3,51,8127,0,0,0,2,0,1,0,1,0,0,0,0,1,0,0,0,1,1,0.00,0.00,0.00,0.00,1.00,0.00,0.00,255,246,0.96,0.01,0.00,0.00,0.00,0.00,0.00,0.00,14
0,3,61,3,20,0,0,0,0,0,0,0,0,0,0,0,0,0,0,0,0,0,1,1,0.00,0.00,0.00,0.00,1.00,0.00,0.00,255,1,0.00,0.02,0.00,0.00,0.00,0.00,0.00,0.00,18
60,1,65,3,2328,4551,0,0,0,3,0,1,1,1,0,0,0,0,0,0,0,0,1,1,0.00,0.00,0.00,0.00,1.00,0.00,0.00,1,1,1.00,0.00,1.00,0.00,0.00,0.00,0.00,0.00,1
158,1,65,3,1567,3095,0,0,0,3,0,1,4,1,0,0,1,0,0,0,0,0,1,1,0.00,0.00,0.00,0.00,1.00,0.00,0.00,2,2,1.00,0.00,0.50,0.00,0.00,0.00,0.00,0.00,1
103,1,65,3,302,8876,0,0,0,2,0,1,4,1,0,3,4,2,1,0,0,0,1,1,0.00,0.00,0.00,0.00,1.00,0.00,0.00,1,1,1.00,0.00,1.00,0.00,0.00,0.00,0.00,0.00,2
0,1,33,3,51,8127,0,0,0,2,0,1,0,1,0,0,0,0,1,0,0,0,1,1,0.00,0.00,0.00,0.00,1.00,0.00,0.00,255,241,0.95,0.01,0.00,0.00,0.00,0.00,0.00,0.00,14
54,1,65,3,260,2635,0,0,0,0,0,1,0,1,0,2,2,1,0,0,0,0,1,1,0.00,0.00,0.00,0.00,1.00,0.00,0.00,255,1,0.00,0.01,0.00,0.00,0.00,0.00,0.00,0.00,3
1,1,28,3,6,32,0,0,0,0,0,0,0,0,0,0,0,0,0,0,0,0,4,3,0.00,0.00,0.00,0.00,0.75,0.50,0.00,255,3,0.01,0.02,0.00,0.00,0.00,0.00,0.00,0.00,18
0,1,12,11,0,0,0,0,0,0,0,0,0,0,0,0,0,0,0,0,0,0,3,1,0.00,0.00,0.33,1.00,0.33,1.00,0.00,255,1,0.00,0.04,0.00,0.00,0.00,0.00,0.00,1.00,18
0,1,21,11,0,0,0,0,0,0,0,0,0,0,0,0,0,0,0,0,0,0,9,1,0.00,0.00,0.89,1.00,0.11,1.00,0.00,255,1,0.00,0.07,0.00,0.00,0.00,0.00,0.04,1.00,18
0,1,44,11,0,0,0,0,0,0,0,0,0,0,0,0,0,0,0,0,0,0,19,1,0.00,0.00,0.89,1.00,0.05,1.00,0.00,255,1,0.00,0.11,0.00,0.00,0.00,0.00,0.07,1.00,18
0,1,33,7,6,144,0,0,0,1,0,1,0,0,0,0,0,0,0,0,0,0,29,1,0.03,1.00,0.90,0.00,0.03,1.00,0.00,255,206,0.81,0.15,0.00,0.00,0.00,0.00,0.11,0.00,18
2,1,50,3,6,77,0,0,0,0,0,1,0,0,0,0,0,0,0,0,0,0,39,1,0.03,0.00,0.87,0.00,0.03,1.00,0.00,255,2,0.01,0.18,0.00,0.00,0.00,0.00,0.14,0.00,18
0,1,44,11,0,0,0,0,0,0,0,0,0,0,0,0,0,0,0,0,0,0,49,1,0.02,0.00,0.90,1.00,0.02,1.00,0.00,255,1,0.00,0.22,0.00,0.00,0.00,0.00,0.18,1.00,18
0,1,30,3,334,0,0,0,0,0,0,1,0,0,0,0,0,0,0,0,0,0,1,1,0.00,0.00,0.00,0.00,1.00,0.00,0.00,1,1,1.00,0.00,1.00,0.00,0.00,0.00,0.00,0.00,21
0,1,30,3,334,0,0,0,0,0,0,1,0,0,0,0,0,0,0,0,0,0,2,2,0.00,0.00,0.00,0.00,1.00,0.00,0.00,2,2,1.00,0.00,1.00,0.00,0.00,0.00,0.00,0.00,21
0,1,30,3,334,0,0,0,0,0,0,1,0,0,0,0,0,0,0,0,0,0,1,1,0.00,0.00,0.00,0.00,1.00,0.00,0.00,3,3,1.00,0.00,1.00,0.00,0.00,0.00,0.00,0.00,21
0,1,30,3,334,0,0,0,0,0,0,1,0,0,0,0,0,0,0,0,0,0,2,2,0.00,0.00,0.00,0.00,1.00,0.00,0.00,4,4,1.00,0.00,1.00,0.00,0.00,0.00,0.00,0.00,21
0,1,30,3,334,0,0,0,0,0,0,1,0,0,0,0,0,0,0,0,0,0,1,1,0.00,0.00,0.00,0.00,1.00,0.00,0.00,1,1,1.00,0.00,1.00,0.00,0.00,0.00,0.00,0.00,21
0,1,30,3,334,0,0,0,0,0,0,1,0,0,0,0,0,0,0,0,0,0,2,2,0.00,0.00,0.00,0.00,1.00,0.00,0.00,2,2,1.00,0.00,1.00,0.00,0.00,0.00,0.00,0.00,21
0,1,30,3,334,0,0,0,0,0,0,1,0,0,0,0,0,0,0,0,0,0,1,1,0.00,0.00,0.00,0.00,1.00,0.00,0.00,3,3,1.00,0.00,1.00,0.00,0.00,0.00,0.00,0.00,21
0,1,30,3,334,0,0,0,0,0,0,1,0,0,0,0,0,0,0,0,0,0,2,2,0.00,0.00,0.00,0.00,1.00,0.00,0.00,4,4,1.00,0.00,1.00,0.00,0.00,0.00,0.00,0.00,21
0,1,30,3,334,0,0,0,0,0,0,1,0,0,0,0,0,0,0,0,0,0,1,1,0.00,0.00,0.00,0.00,1.00,0.00,0.00,1,5,1.00,0.00,1.00,0.40,0.00,0.00,0.00,0.00,21
0,1,30,3,334,0,0,0,0,0,0,1,0,0,0,0,0,0,0,0,0,0,2,2,0.00,0.00,0.00,0.00,1.00,0.00,0.00,2,6,1.00,0.00,1.00,0.33,0.00,0.00,0.00,0.00,21
337,1,65,3,237,1540,0,0,0,0,0,1,0,0,1,0,1,1,1,0,0,0,1,1,0.00,0.00,0.00,0.00,1.00,0.00,0.00,255,47,0.18,0.02,0.00,0.00,0.22,0.32,0.00,0.00,19
299,1,65,3,112,847,0,0,0,0,0,0,0,0,0,0,0,0,0,0,0,0,1,1,0.00,0.00,0.00,0.00,1.00,0.00,0.00,255,48,0.19,0.02,0.00,0.00,0.22,0.31,0.00,0.00,19
60,1,65,3,86,183,0,0,0,0,1,0,0,0,0,0,0,0,0,0,0,0,1,1,0.00,0.00,0.00,0.00,1.00,0.00,0.00,255,1,0.00,0.02,0.00,0.00,0.00,0.00,0.00,0.00,17
60,1,65,3,90,233,0,0,0,0,0,0,0,0,0,0,0,0,0,0,0,0,1,1,0.00,0.00,0.00,0.00,1.00,0.00,0.00,255,2,0.01,0.02,0.00,0.00,0.00,0.00,0.00,0.00,17
708,1,65,3,1727,24080,0,0,0,0,0,1,6,0,0,7,0,0,0,0,0,0,1,1,0.00,0.00,0.00,0.00,1.00,0.00,0.00,255,3,0.01,0.02,0.00,0.00,0.00,0.00,0.00,0.00,17
21,1,34,3,89,345,0,0,0,1,0,1,0,0,0,0,1,0,0,0,0,0,1,1,0.00,0.00,0.00,0.00,1.00,0.00,0.00,255,1,0.00,0.02,0.00,0.00,0.00,0.00,0.00,0.00,17
98,1,65,3,621,8356,0,0,1,1,0,1,5,1,0,14,1,0,0,0,0,0,1,1,0.00,0.00,0.00,0.00,1.00,0.00,0.00,255,4,0.02,0.02,0.00,0.00,0.00,0.00,0.00,0.00,17
0,1,33,11,0,0,0,0,0,0,0,0,0,0,0,0,0,0,0,0,0,0,1,2,0.00,0.00,1.00,1.00,1.00,0.00,1.00,2,5,1.00,0.00,0.50,0.40,0.00,0.00,1.00,1.00,022
0,1,30,3,0,5636,0,0,0,0,0,1,2,0,0,2,0,0,0,0,0,0,1,1,0.00,0.00,0.00,0.00,1.00,0.00,0.00,1,41,1.00,0.00,1.00,0.10,0.00,0.00,0.00,0.00,17
0,1,30,3,0,5921,0,0,0,0,0,1,0,0,0,0,0,0,0,0,0,0,2,1,0.00,0.00,0.00,0.00,0.50,1.00,0.00,1,3,1.00,0.00,1.00,0.67,0.00,0.00,0.00,0.00,2
0,1,30,3,0,5014,0,0,0,0,0,1,0,0,0,0,0,0,0,0,0,0,3,2,0.00,0.00,0.00,0.00,0.67,0.67,0.00,2,4,1.00,0.00,1.00,0.50,0.00,0.00,0.00,0.00,2
0,1,30,3,0,2072,0,0,0,1,0,1,0,1,0,0,0,0,0,0,0,0,4,3,0.00,0.00,0.00,0.00,0.75,0.50,0.00,3,5,1.00,0.00,1.00,0.40,0.00,0.00,0.00,0.00,2
113,1,65,3,6274,16771,0,0,0,5,0,1,2,1,0,0,0,0,0,0,0,0,1,1,0.00,0.00,0.00,0.00,1.00,0.00,0.00,1,1,1.00,0.00,1.00,0.00,0.00,0.00,0.00,0.00,1
53,1,65,3,2628,3860,0,0,0,3,0,1,1,1,0,0,0,0,0,0,0,0,1,1,0.00,0.00,0.00,0.00,1.00,0.00,0.00,2,2,1.00,0.00,0.50,0.00,0.00,0.00,0.00,0.00,1
7,1,34,3,230,644,0,0,0,4,0,1,0,0,0,0,4,0,0,0,0,0,1,1,0.00,0.00,0.00,0.00,1.00,0.00,0.00,4,1,0.25,0.75,0.25,0.00,0.00,0.00,0.00,0.00,2
31,1,65,3,142,1278,0,0,0,0,0,1,0,0,0,0,1,0,0,0,0,0,1,1,0.00,0.00,0.00,0.00,1.00,0.00,0.00,5,3,0.60,0.60,0.20,0.00,0.00,0.00,0.00,0.00,2
21,1,65,3,135,1290,0,0,0,0,0,1,0,0,0,0,0,0,0,0,0,0,1,1,0.00,0.00,0.00,0.00,1.00,0.00,0.00,6,4,0.67,0.50,0.17,0.00,0.00,0.00,0.00,0.00,2
718,1,65,3,1412,25260,0,0,0,15,0,1,38,1,0,54,4,1,2,0,0,0,1,1,0.00,0.00,0.00,0.00,1.00,0.00,0.00,1,1,1.00,0.00,1.00,0.00,0.00,0.00,0.00,0.00,12
61,1,65,3,294,3929,0,0,0,0,0,1,0,1,0,4,1,0,0,0,0,0,1,1,0.00,0.00,0.00,0.00,1.00,0.00,0.00,255,4,0.02,0.02,0.00,0.00,0.00,0.25,0.73,0.25,17
0,1,30,3,0,5690,0,0,0,0,0,1,0,0,0,0,0,0,0,0,0,0,1,1,0.00,0.00,0.00,0.00,1.00,0.00,0.00,1,1,1.00,0.00,1.00,0.00,0.00,0.00,0.00,0.00,1
0,1,30,3,0,5828,0,0,0,0,0,1,0,0,0,0,0,0,0,0,0,0,2,2,0.00,0.00,0.00,0.00,1.00,0.00,0.00,2,2,1.00,0.00,1.00,0.00,0.00,0.00,0.00,0.00,1
0,1,30,3,0,5020,0,0,0,0,0,1,0,0,0,0,0,0,0,0,0,0,3,3,0.00,0.00,0.00,0.00,1.00,0.00,0.00,3,3,1.00,0.00,1.00,0.00,0.00,0.00,0.00,0.00,1
45,1,65,3,268,2364,0,0,0,0,0,1,0,1,0,2,2,1,0,0,0,0,1,1,0.00,0.00,0.00,0.00,1.00,0.00,0.00,255,2,0.01,0.02,0.00,0.00,0.00,0.00,0.69,0.00,3
85,1,65,3,277,693,0,0,0,0,0,0,0,0,0,0,0,0,0,0,0,0,1,1,0.00,0.00,0.00,0.00,1.00,0.00,0.00,1,1,1.00,0.00,1.00,0.00,0.00,0.00,0.00,0.00,2
0,2,39,3,32,0,0,0,0,0,0,0,0,0,0,0,0,0,0,0,0,0,1,1,0.00,0.00,0.00,0.00,1.00,0.00,0.00,255,1,0.00,0.02,0.00,0.00,0.00,0.00,0.00,0.00,17
0,2,39,3,4,4,0,0,0,0,0,0,0,0,0,0,0,0,0,0,0,0,1,1,0.00,0.00,0.00,0.00,1.00,0.00,0.00,1,1,1.00,0.00,1.00,0.00,0.00,0.00,0.00,0.00,17
0,2,39,3,4,0,0,0,0,0,0,0,0,0,0,0,0,0,0,0,0,0,2,2,0.00,0.00,0.00,0.00,1.00,0.00,0.00,2,2,1.00,0.00,0.50,0.00,0.00,0.00,0.00,0.00,17
6,1,33,3,51,8127,0,0,0,2,0,1,0,1,0,0,0,0,1,0,0,0,1,1,0.00,0.00,0.00,0.00,1.00,0.00,0.00,255,249,0.98,0.01,0.00,0.00,0.00,0.00,0.00,0.00,14
